<?xml version="1.0" encoding="UTF-8"?>
<templates id="template" xml:space="preserve">
    <!--
    This template extension modifies the ReceiptHeader view in the Point of Sale module.
    It adds a new element to display the invoice number if it is present in the component's state.
    -->
    <t t-inherit="point_of_sale.OrderReceipt" t-inherit-mode="extension">
        <xpath expr="//Orderline" position="inside">
            <t t-if="line.barcode">
                <p>Barcode: <span t-esc="line.barcode"/></p>
            </t>
        </xpath>
    </t>
</templates>
